{
  "Forget Password" : {
    "transaction" : "Forget Password",
    "sampleCount" : 50,
    "errorCount" : 0,
    "errorPct" : 0.0,
    "meanResTime" : 2502.08,
    "medianResTime" : 2325.5,
    "minResTime" : 1485.0,
    "maxResTime" : 4090.0,
    "pct1ResTime" : 3672.2999999999997,
    "pct2ResTime" : 4029.2,
    "pct3ResTime" : 4090.0,
    "throughput" : 0.2483016169401295,
    "receivedKBytesPerSec" : 0.14985390553613284,
    "sentKBytesPerSec" : 0.06110547604386
  },
  "Get Flight Classes" : {
    "transaction" : "Get Flight Classes",
    "sampleCount" : 50,
    "errorCount" : 0,
    "errorPct" : 0.0,
    "meanResTime" : 1653.04,
    "medianResTime" : 1639.5,
    "minResTime" : 657.0,
    "maxResTime" : 3502.0,
    "pct1ResTime" : 2669.8999999999996,
    "pct2ResTime" : 2831.699999999999,
    "pct3ResTime" : 3502.0,
    "throughput" : 0.2493106560360603,
    "receivedKBytesPerSec" : 0.13585483014465005,
    "sentKBytesPerSec" : 0.04455454106894437
  },
  "Pay Order" : {
    "transaction" : "Pay Order",
    "sampleCount" : 50,
    "errorCount" : 0,
    "errorPct" : 0.0,
    "meanResTime" : 6117.379999999998,
    "medianResTime" : 6354.0,
    "minResTime" : 4177.0,
    "maxResTime" : 8118.0,
    "pct1ResTime" : 7621.3,
    "pct2ResTime" : 7878.099999999999,
    "pct3ResTime" : 8118.0,
    "throughput" : 0.24322141905104733,
    "receivedKBytesPerSec" : 0.12826129520270071,
    "sentKBytesPerSec" : 0.1311115462072052
  },
  "Get Order" : {
    "transaction" : "Get Order",
    "sampleCount" : 50,
    "errorCount" : 0,
    "errorPct" : 0.0,
    "meanResTime" : 5798.500000000003,
    "medianResTime" : 6007.0,
    "minResTime" : 3829.0,
    "maxResTime" : 7957.0,
    "pct1ResTime" : 7427.3,
    "pct2ResTime" : 7479.5,
    "pct3ResTime" : 7957.0,
    "throughput" : 0.2433232110877521,
    "receivedKBytesPerSec" : 0.4548433181013003,
    "sentKBytesPerSec" : 0.08958286189461186
  },
  "Login" : {
    "transaction" : "Login",
    "sampleCount" : 50,
    "errorCount" : 0,
    "errorPct" : 0.0,
    "meanResTime" : 2116.1,
    "medianResTime" : 2111.5,
    "minResTime" : 1162.0,
    "maxResTime" : 3592.0,
    "pct1ResTime" : 3197.1,
    "pct2ResTime" : 3367.75,
    "pct3ResTime" : 3592.0,
    "throughput" : 0.25195771141771567,
    "receivedKBytesPerSec" : 0.17961829036614496,
    "sentKBytesPerSec" : 0.06741837200044344
  },
  "Get Airport" : {
    "transaction" : "Get Airport",
    "sampleCount" : 50,
    "errorCount" : 0,
    "errorPct" : 0.0,
    "meanResTime" : 1530.4599999999998,
    "medianResTime" : 1597.5,
    "minResTime" : 451.0,
    "maxResTime" : 3023.0,
    "pct1ResTime" : 2689.1,
    "pct2ResTime" : 2946.7999999999993,
    "pct3ResTime" : 3023.0,
    "throughput" : 0.24856701118054417,
    "receivedKBytesPerSec" : 0.18645438733203085,
    "sentKBytesPerSec" : 0.04684905581820803
  },
  "Get Ticket" : {
    "transaction" : "Get Ticket",
    "sampleCount" : 50,
    "errorCount" : 0,
    "errorPct" : 0.0,
    "meanResTime" : 6409.4800000000005,
    "medianResTime" : 6401.5,
    "minResTime" : 5455.0,
    "maxResTime" : 8092.0,
    "pct1ResTime" : 7423.0,
    "pct2ResTime" : 7785.049999999999,
    "pct3ResTime" : 8092.0,
    "throughput" : 0.2419222171687359,
    "receivedKBytesPerSec" : 2.466921483842015,
    "sentKBytesPerSec" : 0.13537249066180243
  },
  "Notification" : {
    "transaction" : "Notification",
    "sampleCount" : 50,
    "errorCount" : 0,
    "errorPct" : 0.0,
    "meanResTime" : 3377.54,
    "medianResTime" : 3859.5,
    "minResTime" : 1300.0,
    "maxResTime" : 5256.0,
    "pct1ResTime" : 4694.8,
    "pct2ResTime" : 4818.45,
    "pct3ResTime" : 5256.0,
    "throughput" : 0.2490387105771721,
    "receivedKBytesPerSec" : 2.2165028925846233,
    "sentKBytesPerSec" : 0.08925508474787322
  },
  "Create Order" : {
    "transaction" : "Create Order",
    "sampleCount" : 50,
    "errorCount" : 0,
    "errorPct" : 0.0,
    "meanResTime" : 7951.260000000001,
    "medianResTime" : 8295.5,
    "minResTime" : 5887.0,
    "maxResTime" : 9766.0,
    "pct1ResTime" : 9310.6,
    "pct2ResTime" : 9428.5,
    "pct3ResTime" : 9766.0,
    "throughput" : 0.24079790794777575,
    "receivedKBytesPerSec" : 0.35840793302687785,
    "sentKBytesPerSec" : 0.1862421319283578
  },
  "Reset Password" : {
    "transaction" : "Reset Password",
    "sampleCount" : 50,
    "errorCount" : 0,
    "errorPct" : 0.0,
    "meanResTime" : 2360.42,
    "medianResTime" : 2323.5,
    "minResTime" : 1459.0,
    "maxResTime" : 3983.0,
    "pct1ResTime" : 3417.2,
    "pct2ResTime" : 3594.85,
    "pct3ResTime" : 3983.0,
    "throughput" : 0.24843979806813213,
    "receivedKBytesPerSec" : 0.18634925791032317,
    "sentKBytesPerSec" : 0.06769014029395397
  },
  "Get User" : {
    "transaction" : "Get User",
    "sampleCount" : 50,
    "errorCount" : 0,
    "errorPct" : 0.0,
    "meanResTime" : 3109.1200000000003,
    "medianResTime" : 3137.5,
    "minResTime" : 1284.0,
    "maxResTime" : 5181.0,
    "pct1ResTime" : 4642.4,
    "pct2ResTime" : 4757.849999999999,
    "pct3ResTime" : 5181.0,
    "throughput" : 0.24736310925533808,
    "receivedKBytesPerSec" : 0.14952906702056082,
    "sentKBytesPerSec" : 0.08648046202481546
  },
  "Delete Order" : {
    "transaction" : "Delete Order",
    "sampleCount" : 50,
    "errorCount" : 0,
    "errorPct" : 0.0,
    "meanResTime" : 4001.3999999999983,
    "medianResTime" : 4245.0,
    "minResTime" : 2104.0,
    "maxResTime" : 5986.0,
    "pct1ResTime" : 5512.2,
    "pct2ResTime" : 5754.9,
    "pct3ResTime" : 5986.0,
    "throughput" : 0.24536746231155776,
    "receivedKBytesPerSec" : 0.12939299770336055,
    "sentKBytesPerSec" : 0.13466456427646042
  },
  "Register" : {
    "transaction" : "Register",
    "sampleCount" : 50,
    "errorCount" : 0,
    "errorPct" : 0.0,
    "meanResTime" : 4170.300000000001,
    "medianResTime" : 4208.0,
    "minResTime" : 3326.0,
    "maxResTime" : 5471.0,
    "pct1ResTime" : 4908.0,
    "pct2ResTime" : 5057.599999999999,
    "pct3ResTime" : 5471.0,
    "throughput" : 0.24972654942837594,
    "receivedKBytesPerSec" : 0.1719503862021087,
    "sentKBytesPerSec" : 0.0987688012875901
  },
  "Order Detail" : {
    "transaction" : "Order Detail",
    "sampleCount" : 50,
    "errorCount" : 0,
    "errorPct" : 0.0,
    "meanResTime" : 6359.100000000001,
    "medianResTime" : 6712.5,
    "minResTime" : 4415.0,
    "maxResTime" : 8380.0,
    "pct1ResTime" : 7872.599999999999,
    "pct2ResTime" : 8356.9,
    "pct3ResTime" : 8380.0,
    "throughput" : 0.24262422360248448,
    "receivedKBytesPerSec" : 0.3710444669545807,
    "sentKBytesPerSec" : 0.09098408385093167
  },
  "Total" : {
    "transaction" : "Total",
    "sampleCount" : 800,
    "errorCount" : 0,
    "errorPct" : 0.0,
    "meanResTime" : 4014.0725000000043,
    "medianResTime" : 3987.0,
    "minResTime" : 451.0,
    "maxResTime" : 9766.0,
    "pct1ResTime" : 7232.5,
    "pct2ResTime" : 7806.95,
    "pct3ResTime" : 9216.68,
    "throughput" : 3.2717695365538453,
    "receivedKBytesPerSec" : 6.300177250670713,
    "sentKBytesPerSec" : 1.3193714189459995
  },
  "Update User" : {
    "transaction" : "Update User",
    "sampleCount" : 50,
    "errorCount" : 0,
    "errorPct" : 0.0,
    "meanResTime" : 3230.6599999999994,
    "medianResTime" : 3504.0,
    "minResTime" : 1282.0,
    "maxResTime" : 5711.0,
    "pct1ResTime" : 4760.3,
    "pct2ResTime" : 4905.95,
    "pct3ResTime" : 5711.0,
    "throughput" : 0.24825846685501207,
    "receivedKBytesPerSec" : 0.15007030369458252,
    "sentKBytesPerSec" : 0.13528146924325854
  },
  "Update Password" : {
    "transaction" : "Update Password",
    "sampleCount" : 50,
    "errorCount" : 0,
    "errorPct" : 0.0,
    "meanResTime" : 3538.3200000000006,
    "medianResTime" : 3820.5,
    "minResTime" : 1678.0,
    "maxResTime" : 5413.0,
    "pct1ResTime" : 5141.4,
    "pct2ResTime" : 5279.149999999999,
    "pct3ResTime" : 5413.0,
    "throughput" : 0.24831518149356616,
    "receivedKBytesPerSec" : 0.1270675342799108,